{
    "LanguageLearning": [
      {
        "title": "Post 1 in Language Learning",
        "image": "images/ll1.jpg",
        "content": "This is the first post under Language Learning."
      },
      {
        "title": "Post 2 in Language Learning",
        "image": "images/ll2.jpg",
        "content": "This is the second post under Language Learning."
      }
    ],
    "LearningEnvironment": [
      {
        "title": "Post 1 in Learning Environment",
        "image": "images/le1.jpg",
        "content": "This is the first post under Learning Environment."
      }
    ],
    "PersonalReflections": [
      {
        "title": "Post 1 in Personal Reflections",
        "image": "images/pr1.jpg",
        "content": "This is the first post under Personal Reflections."
      }
    ]
  }
  